Project_ID,Time_ID,Phase_ID,Department_ID,CostType_ID,Actual_Cost,Project_Status
PJ001,1,1,1,1,19290.44,Completed
PJ001,1,1,2,1,26980.23,Completed
PJ001,1,1,3,2,4013.56,Completed
PJ001,1,1,4,3,6173.48,Completed
PJ001,1,1,5,1,2592.6,Completed
PJ001,1,1,6,1,5104.94,Completed
PJ001,2,1,1,2,18205.19,Completed
PJ001,2,1,2,1,25689.54,Completed
PJ001,2,1,3,1,6268.71,Completed
PJ001,2,1,4,1,7836.03,Completed
PJ001,2,1,5,1,3520.65,Completed
PJ001,2,1,6,2,1755.52,Completed
PJ001,3,2,1,1,4910.7,Completed
PJ001,3,2,2,3,13284.47,Completed
PJ001,3,2,3,2,4249.62,Completed
PJ001,3,2,4,2,41318.78,Completed
PJ001,3,2,5,3,5922.16,Completed
PJ001,3,2,6,2,5503.54,Completed
PJ002,1,3,1,3,38592.87,Delayed
PJ002,1,3,2,1,20560.82,Delayed
PJ002,1,3,3,1,26252.72,Delayed
PJ002,1,3,4,2,13029.98,Delayed
PJ002,1,3,5,1,5681.8,Delayed
PJ002,1,3,6,1,10136.27,Delayed
PJ002,2,3,1,2,38645.73,Delayed
PJ002,2,3,2,1,23489.95,Delayed
PJ002,2,3,3,2,37131.12,Delayed
PJ002,2,3,4,2,12729.15,Delayed
PJ002,2,3,5,2,8496.64,Delayed
PJ002,2,3,6,3,8767.6,Delayed
PJ002,3,4,1,2,34138.48,Delayed
PJ002,3,4,2,3,43099.9,Delayed
PJ002,3,4,3,1,29643.44,Delayed
PJ002,3,4,4,1,3022.19,Delayed
PJ002,3,4,5,3,10338.61,Delayed
PJ002,3,4,6,2,6404.89,Delayed
PJ002,4,4,1,2,31984.74,Delayed
PJ002,4,4,2,2,35931.51,Delayed
PJ002,4,4,3,2,22989.96,Delayed
PJ002,4,4,4,3,7103.26,Delayed
PJ002,4,4,5,1,7147.11,Delayed
PJ002,4,4,6,2,8636.83,Delayed
PJ002,5,5,1,1,36781.43,Delayed
PJ002,5,5,2,3,40457.6,Delayed
PJ002,5,5,3,1,23034.89,Delayed
PJ002,5,5,4,3,3633.42,Delayed
PJ002,5,5,5,2,8632.57,Delayed
PJ002,5,5,6,1,8776.28,Delayed
PJ002,6,5,1,2,39428.17,Delayed
PJ002,6,5,2,1,39381.63,Delayed
PJ002,6,5,3,2,24291.66,Delayed
PJ002,6,5,4,2,3947.51,Delayed
PJ002,6,5,5,1,5985.08,Delayed
PJ002,6,5,6,3,2445.97,Delayed
PJ002,7,5,1,3,40160.45,Delayed
PJ002,7,5,2,2,45045.18,Delayed
PJ002,7,5,3,2,22717.16,Delayed
PJ002,7,5,4,2,2729.27,Delayed
PJ002,7,5,5,2,9239.96,Delayed
PJ002,7,5,6,3,5435.98,Delayed
PJ002,8,1,1,1,34621.21,Delayed
PJ002,8,1,2,1,53483.5,Delayed
PJ002,8,1,3,1,17288.83,Delayed
PJ002,8,1,4,3,12614.75,Delayed
PJ002,8,1,5,2,6569.55,Delayed
PJ002,8,1,6,2,4730.06,Delayed
PJ002,9,2,1,2,10607.16,Delayed
PJ002,9,2,2,3,22606.92,Delayed
PJ002,9,2,3,1,7816.59,Delayed
PJ002,9,2,4,2,77883.35,Delayed
PJ002,9,2,5,1,7666.23,Delayed
PJ002,9,2,6,1,7631.72,Delayed
PJ003,1,6,1,3,19676.97,Completed
PJ003,1,6,2,2,11886.1,Completed
PJ003,1,6,3,3,5423.23,Completed
PJ003,1,6,4,1,12057.09,Completed
PJ003,1,6,5,1,7930.36,Completed
PJ003,1,6,6,2,3375.95,Completed
PJ003,2,3,1,2,19924.6,Completed
PJ003,2,3,2,3,11596.14,Completed
PJ003,2,3,3,2,15243.35,Completed
PJ003,2,3,4,2,3596.91,Completed
PJ003,2,3,5,1,3645.15,Completed
PJ003,2,3,6,2,3039.07,Completed
PJ003,3,3,1,2,22941.31,Completed
PJ003,3,3,2,1,10633.38,Completed
PJ003,3,3,3,2,12565.24,Completed
PJ003,3,3,4,2,6185.55,Completed
PJ003,3,3,5,3,2823.32,Completed
PJ003,3,3,6,3,2575.41,Completed
PJ003,4,3,1,1,15101.36,Completed
PJ003,4,3,2,1,9115.6,Completed
PJ003,4,3,3,1,12930.13,Completed
PJ003,4,3,4,2,4710.15,Completed
PJ003,4,3,5,1,2495.25,Completed
PJ003,4,3,6,2,3355.08,Completed
PJ003,5,4,1,1,14752.25,Completed
PJ003,5,4,2,2,18151.49,Completed
PJ003,5,4,3,1,10712.98,Completed
PJ003,5,4,4,2,1525.03,Completed
PJ003,5,4,5,2,2394.23,Completed
PJ003,5,4,6,1,2183.46,Completed
PJ003,6,4,1,1,16872.96,Completed
PJ003,6,4,2,2,18545.71,Completed
PJ003,6,4,3,1,10056.79,Completed
PJ003,6,4,4,2,3047.46,Completed
PJ003,6,4,5,1,3853.51,Completed
PJ003,6,4,6,3,1707.89,Completed
PJ003,7,5,1,1,16411.68,Completed
PJ003,7,5,2,1,16664.84,Completed
PJ003,7,5,3,1,7185.87,Completed
PJ003,7,5,4,3,3110.86,Completed
PJ003,7,5,5,2,2224.51,Completed
PJ003,7,5,6,2,1741.82,Completed
PJ003,8,5,1,1,20750.89,Completed
PJ003,8,5,2,2,18634.49,Completed
PJ003,8,5,3,3,9557.38,Completed
PJ003,8,5,4,1,2148.0,Completed
PJ003,8,5,5,1,1382.96,Completed
PJ003,8,5,6,1,1802.67,Completed
PJ003,9,1,1,3,13789.46,Completed
PJ003,9,1,2,1,25687.74,Completed
PJ003,9,1,3,3,7931.27,Completed
PJ003,9,1,4,1,3693.38,Completed
PJ003,9,1,5,2,3428.78,Completed
PJ003,9,1,6,2,2609.61,Completed
PJ003,10,2,1,1,4142.66,Completed
PJ003,10,2,2,2,11165.01,Completed
PJ003,10,2,3,2,1518.02,Completed
PJ003,10,2,4,2,30830.56,Completed
PJ003,10,2,5,1,2400.68,Completed
PJ003,10,2,6,1,2349.56,Completed
PJ004,1,3,1,3,24122.28,Completed
PJ004,1,3,2,3,10815.67,Completed
PJ004,1,3,3,2,17744.33,Completed
PJ004,1,3,4,1,4796.52,Completed
PJ004,1,3,5,2,2718.06,Completed
PJ004,1,3,6,2,2068.2,Completed
PJ004,2,3,1,2,21060.25,Completed
PJ004,2,3,2,3,10577.93,Completed
PJ004,2,3,3,2,13610.58,Completed
PJ004,2,3,4,1,4774.96,Completed
PJ004,2,3,5,1,4594.81,Completed
PJ004,2,3,6,2,3247.15,Completed
PJ004,3,4,1,3,19862.1,Completed
PJ004,3,4,2,1,17121.42,Completed
PJ004,3,4,3,2,12385.64,Completed
PJ004,3,4,4,2,5022.55,Completed
PJ004,3,4,5,2,2884.27,Completed
PJ004,3,4,6,1,1417.15,Completed
PJ004,4,4,1,2,15626.91,Completed
PJ004,4,4,2,2,16120.93,Completed
PJ004,4,4,3,1,13440.98,Completed
PJ004,4,4,4,1,3448.97,Completed
PJ004,4,4,5,2,4647.27,Completed
PJ004,4,4,6,2,2568.99,Completed
PJ004,5,5,1,2,21064.03,Completed
PJ004,5,5,2,3,17511.15,Completed
PJ004,5,5,3,2,8558.54,Completed
PJ004,5,5,4,2,1513.07,Completed
PJ004,5,5,5,3,5301.43,Completed
PJ004,5,5,6,2,3599.4,Completed
PJ004,6,5,1,2,25825.73,Completed
PJ004,6,5,2,3,20827.92,Completed
PJ004,6,5,3,1,9039.1,Completed
PJ004,6,5,4,2,2718.96,Completed
PJ004,6,5,5,3,3795.51,Completed
PJ004,6,5,6,2,2761.4,Completed
PJ004,7,5,1,1,22378.02,Completed
PJ004,7,5,2,3,19450.43,Completed
PJ004,7,5,3,1,9835.12,Completed
PJ004,7,5,4,2,3888.7,Completed
PJ004,7,5,5,2,1113.17,Completed
PJ004,7,5,6,1,2563.16,Completed
PJ004,8,1,1,2,15497.19,Completed
PJ004,8,1,2,3,22009.59,Completed
PJ004,8,1,3,2,4612.34,Completed
PJ004,8,1,4,3,6324.05,Completed
PJ004,8,1,5,2,2887.16,Completed
PJ004,8,1,6,2,1107.4,Completed
PJ004,9,1,1,1,22421.92,Completed
PJ004,9,1,2,2,24071.83,Completed
PJ004,9,1,3,2,4876.78,Completed
PJ004,9,1,4,2,3880.87,Completed
PJ004,9,1,5,1,3449.37,Completed
PJ004,9,1,6,3,3190.11,Completed
PJ004,10,1,1,2,14606.05,Completed
PJ004,10,1,2,1,22949.65,Completed
PJ004,10,1,3,2,4805.65,Completed
PJ004,10,1,4,1,5040.96,Completed
PJ004,10,1,5,1,1961.14,Completed
PJ004,10,1,6,1,3327.19,Completed
PJ004,11,2,1,1,4462.74,Completed
PJ004,11,2,2,3,9880.01,Completed
PJ004,11,2,3,1,3623.85,Completed
PJ004,11,2,4,1,28597.21,Completed
PJ004,11,2,5,2,2441.75,Completed
PJ004,11,2,6,3,3894.68,Completed
PJ010,10,6,1,2,21054.89,On Hold
PJ010,10,6,2,2,13944.7,On Hold
PJ010,10,6,3,1,9147.14,On Hold
PJ010,10,6,4,2,21412.79,On Hold
PJ010,10,6,5,2,9218.47,On Hold
PJ010,10,6,6,2,4923.81,On Hold
PJ010,11,6,1,1,21229.26,On Hold
PJ010,11,6,2,2,14948.93,On Hold
PJ010,11,6,3,2,8512.63,On Hold
PJ010,11,6,4,2,25533.78,On Hold
PJ010,11,6,5,2,7235.46,On Hold
PJ010,11,6,6,2,2285.06,On Hold
PJ010,12,3,1,2,35413.0,On Hold
PJ010,12,3,2,2,15207.09,On Hold
PJ010,12,3,3,3,17382.32,On Hold
PJ010,12,3,4,3,7986.12,On Hold
PJ010,12,3,5,2,1759.73,On Hold
PJ010,12,3,6,2,4884.94,On Hold
PJ011,1,5,1,1,37439.11,Completed
PJ011,1,5,2,2,43099.42,Completed
PJ011,1,5,3,2,18742.04,Completed
PJ011,1,5,4,1,2614.37,Completed
PJ011,1,5,5,1,7320.25,Completed
PJ011,1,5,6,1,4379.1,Completed
PJ011,2,1,1,1,36327.98,Completed
PJ011,2,1,2,2,46943.69,Completed
PJ011,2,1,3,2,14791.41,Completed
PJ011,2,1,4,2,14875.74,Completed
PJ011,2,1,5,3,6912.13,Completed
PJ011,2,1,6,2,4472.29,Completed
PJ011,3,2,1,1,10375.12,Completed
PJ011,3,2,2,2,16807.92,Completed
PJ011,3,2,3,1,5945.82,Completed
PJ011,3,2,4,2,70687.07,Completed
PJ011,3,2,5,1,5815.5,Completed
PJ011,3,2,6,2,5682.23,Completed
PJ012,5,6,1,2,60187.19,Completed
PJ012,5,6,2,2,43583.04,Completed
PJ012,5,6,3,2,22345.55,Completed
PJ012,5,6,4,2,50804.29,Completed
PJ012,5,6,5,2,28685.09,Completed
PJ012,5,6,6,2,10333.57,Completed
PJ012,6,3,1,1,66623.27,Completed
PJ012,6,3,2,1,29633.76,Completed
PJ012,6,3,3,2,51025.06,Completed
PJ012,6,3,4,1,19087.28,Completed
PJ012,6,3,5,1,15180.41,Completed
PJ012,6,3,6,2,5656.59,Completed
PJ012,7,4,1,1,65799.02,Completed
PJ012,7,4,2,1,61431.27,Completed
PJ012,7,4,3,1,33386.84,Completed
PJ012,7,4,4,3,16662.04,Completed
PJ012,7,4,5,1,13630.95,Completed
PJ012,7,4,6,3,13356.86,Completed
PJ012,8,5,1,2,63474.59,Completed
PJ012,8,5,2,2,63417.93,Completed
PJ012,8,5,3,1,34174.54,Completed
PJ012,8,5,4,1,15268.88,Completed
PJ012,8,5,5,2,5349.78,Completed
PJ012,8,5,6,2,7810.82,Completed
PJ012,9,5,1,3,85211.37,Completed
PJ012,9,5,2,2,78180.17,Completed
PJ012,9,5,3,2,25823.31,Completed
PJ012,9,5,4,3,8532.26,Completed
PJ012,9,5,5,2,10197.96,Completed
PJ012,9,5,6,1,10263.13,Completed
PJ012,10,1,1,1,51385.14,Completed
PJ012,10,1,2,1,94975.19,Completed
PJ012,10,1,3,1,15281.76,Completed
PJ012,10,1,4,3,15837.72,Completed
PJ012,10,1,5,3,18994.12,Completed
PJ012,10,1,6,1,15462.99,Completed
PJ013,1,5,1,1,27811.68,Delayed
PJ013,1,5,2,1,30128.14,Delayed
PJ013,1,5,3,3,12691.84,Delayed
PJ013,1,5,4,2,4084.66,Delayed
PJ013,1,5,5,3,7269.81,Delayed
PJ013,1,5,6,2,3422.67,Delayed
PJ013,2,1,1,2,23760.63,Delayed
PJ013,2,1,2,1,34684.23,Delayed
PJ013,2,1,3,1,8104.37,Delayed
PJ013,2,1,4,1,11380.19,Delayed
PJ013,2,1,5,1,2096.2,Delayed
PJ013,2,1,6,1,4730.31,Delayed
PJ013,3,1,1,2,23012.78,Delayed
PJ013,3,1,2,2,42610.81,Delayed
PJ013,3,1,3,1,12334.36,Delayed
PJ013,3,1,4,2,8763.41,Delayed
PJ013,3,1,5,1,2522.3,Delayed
PJ013,3,1,6,3,7101.38,Delayed
PJ013,4,1,1,2,27833.33,Delayed
PJ013,4,1,2,2,34183.39,Delayed
PJ013,4,1,3,1,9082.77,Delayed
PJ013,4,1,4,2,11226.44,Delayed
PJ013,4,1,5,1,4457.85,Delayed
PJ013,4,1,6,2,2461.0,Delayed
PJ013,5,2,1,3,6872.21,Delayed
PJ013,5,2,2,2,22742.11,Delayed
PJ013,5,2,3,3,6952.39,Delayed
PJ013,5,2,4,2,47979.81,Delayed
PJ013,5,2,5,1,2409.45,Delayed
PJ013,5,2,6,2,7102.09,Delayed
PJ014,4,6,1,1,20152.05,On Hold
PJ014,4,6,2,2,10818.27,On Hold
PJ014,4,6,3,2,6363.67,On Hold
PJ014,4,6,4,3,18417.88,On Hold
PJ014,4,6,5,1,5473.37,On Hold
PJ014,4,6,6,1,1789.29,On Hold
PJ014,5,6,1,1,20902.32,On Hold
PJ014,5,6,2,2,14527.21,On Hold
PJ014,5,6,3,1,6717.6,On Hold
PJ014,5,6,4,2,14731.9,On Hold
PJ014,5,6,5,3,5709.01,On Hold
PJ014,5,6,6,2,4290.18,On Hold
PJ014,6,3,1,2,18731.25,On Hold
PJ014,6,3,2,2,12208.42,On Hold
PJ014,6,3,3,1,17994.55,On Hold
PJ014,6,3,4,3,5861.75,On Hold
PJ014,6,3,5,2,2039.55,On Hold
PJ014,6,3,6,1,1818.65,On Hold
PJ014,7,3,1,1,22713.29,On Hold
PJ014,7,3,2,3,10017.63,On Hold
PJ014,7,3,3,3,18009.93,On Hold
PJ014,7,3,4,2,5340.39,On Hold
PJ014,7,3,5,1,4503.14,On Hold
PJ014,7,3,6,3,4530.9,On Hold
PJ014,8,4,1,2,19230.44,On Hold
PJ014,8,4,2,1,18876.26,On Hold
PJ014,8,4,3,2,13263.07,On Hold
PJ014,8,4,4,2,3865.55,On Hold
PJ014,8,4,5,2,3401.4,On Hold
PJ014,8,4,6,1,3373.29,On Hold
PJ014,9,4,1,2,19537.89,On Hold
PJ014,9,4,2,2,24713.18,On Hold
PJ014,9,4,3,1,12541.61,On Hold
PJ014,9,4,4,1,1456.36,On Hold
PJ014,9,4,5,1,2245.97,On Hold
PJ014,9,4,6,1,1675.15,On Hold
PJ014,10,5,1,2,20954.59,On Hold
PJ014,10,5,2,2,18181.49,On Hold
PJ014,10,5,3,1,9932.57,On Hold
PJ014,10,5,4,2,4327.31,On Hold
PJ014,10,5,5,2,4776.34,On Hold
PJ014,10,5,6,1,2866.79,On Hold
PJ014,11,5,1,2,22856.17,On Hold
PJ014,11,5,2,1,22127.72,On Hold
PJ014,11,5,3,2,8911.29,On Hold
PJ014,11,5,4,2,1812.74,On Hold
PJ014,11,5,5,2,4368.14,On Hold
PJ014,11,5,6,2,2986.69,On Hold
PJ014,12,1,1,2,19016.19,On Hold
PJ014,12,1,2,1,24290.34,On Hold
PJ014,12,1,3,1,6790.79,On Hold
PJ014,12,1,4,2,5811.5,On Hold
PJ014,12,1,5,2,5064.02,On Hold
PJ014,12,1,6,1,1335.39,On Hold
PJ015,1,4,1,2,67185.86,Completed
PJ015,1,4,2,2,60573.4,Completed
PJ015,1,4,3,3,36202.34,Completed
PJ015,1,4,4,2,6426.32,Completed
PJ015,1,4,5,3,8835.28,Completed
PJ015,1,4,6,1,6275.86,Completed
PJ015,2,5,1,2,67907.52,Completed
PJ015,2,5,2,2,70792.33,Completed
PJ015,2,5,3,1,24015.76,Completed
PJ015,2,5,4,3,5161.79,Completed
PJ015,2,5,5,1,5221.42,Completed
PJ015,2,5,6,1,11023.37,Completed
PJ015,3,5,1,1,68844.76,Completed
PJ015,3,5,2,1,56405.69,Completed
PJ015,3,5,3,3,22325.18,Completed
PJ015,3,5,4,2,17512.76,Completed
PJ015,3,5,5,1,9934.05,Completed
PJ015,3,5,6,1,6480.53,Completed
PJ015,4,1,1,3,62826.64,Completed
PJ015,4,1,2,2,74047.18,Completed
PJ015,4,1,3,1,11448.52,Completed
PJ015,4,1,4,2,18844.18,Completed
PJ015,4,1,5,3,15526.32,Completed
PJ015,4,1,6,2,8088.57,Completed
PJ015,5,2,1,3,18262.25,Completed
PJ015,5,2,2,1,36807.41,Completed
PJ015,5,2,3,1,9853.14,Completed
PJ015,5,2,4,2,95755.34,Completed
PJ015,5,2,5,2,14326.91,Completed
PJ015,5,2,6,2,8007.64,Completed
PJ016,1,2,1,2,13239.58,Completed
PJ016,1,2,2,1,24732.71,Completed
PJ016,1,2,3,1,6895.65,Completed
PJ016,1,2,4,2,69788.09,Completed
PJ016,1,2,5,2,5948.45,Completed
PJ016,1,2,6,2,9813.11,Completed
PJ017,1,1,1,2,54081.45,Completed
PJ017,1,1,2,1,74554.79,Completed
PJ017,1,1,3,2,25864.63,Completed
PJ017,1,1,4,3,21060.85,Completed
PJ017,1,1,5,2,6807.35,Completed
PJ017,1,1,6,2,5813.54,Completed
PJ017,2,2,1,1,21263.93,Completed
PJ017,2,2,2,2,34535.83,Completed
PJ017,2,2,3,3,8968.37,Completed
PJ017,2,2,4,1,106975.39,Completed
PJ017,2,2,5,1,13024.91,Completed
PJ017,2,2,6,1,9807.79,Completed
PJ018,6,6,1,2,54070.47,Active
PJ018,6,6,2,2,32684.27,Active
PJ018,6,6,3,2,15570.14,Active
PJ018,6,6,4,2,35356.14,Active
PJ018,6,6,5,2,23288.63,Active
PJ018,6,6,6,1,5324.51,Active
PJ018,7,6,1,2,49948.64,Active
PJ018,7,6,2,3,32835.33,Active
PJ018,7,6,3,2,18860.14,Active
PJ018,7,6,4,2,50637.46,Active
PJ018,7,6,5,2,18501.59,Active
PJ018,7,6,6,1,6739.2,Active
PJ018,8,3,1,1,61501.52,Active
PJ018,8,3,2,1,35109.54,Active
PJ018,8,3,3,1,43379.78,Active
PJ018,8,3,4,1,15248.34,Active
PJ018,8,3,5,1,4650.53,Active
PJ018,8,3,6,3,14219.39,Active
PJ018,9,3,1,2,66415.5,Active
PJ018,9,3,2,2,26971.39,Active
PJ018,9,3,3,2,49046.37,Active
PJ018,9,3,4,1,20478.67,Active
PJ018,9,3,5,1,13956.78,Active
PJ018,9,3,6,1,10110.44,Active
PJ018,10,3,1,1,53686.83,Active
PJ018,10,3,2,3,38135.87,Active
PJ018,10,3,3,2,50423.79,Active
PJ018,10,3,4,2,21085.32,Active
PJ018,10,3,5,1,14225.62,Active
PJ018,10,3,6,1,6574.64,Active
PJ018,11,4,1,1,68558.01,Active
PJ018,11,4,2,2,61562.44,Active
PJ018,11,4,3,1,31033.8,Active
PJ018,11,4,4,2,7075.99,Active
PJ018,11,4,5,3,6581.78,Active
PJ018,11,4,6,3,8738.75,Active
PJ018,12,4,1,3,55370.86,Active
PJ018,12,4,2,2,60503.28,Active
PJ018,12,4,3,1,29706.37,Active
PJ018,12,4,4,1,12997.68,Active
PJ018,12,4,5,1,8903.68,Active
PJ018,12,4,6,2,14328.71,Active
PJ019,1,5,1,1,69959.3,Completed
PJ019,1,5,2,2,62326.68,Completed
PJ019,1,5,3,1,29151.59,Completed
PJ019,1,5,4,1,15114.98,Completed
PJ019,1,5,5,3,15094.46,Completed
PJ019,1,5,6,1,12912.58,Completed
PJ019,2,5,1,1,62184.6,Completed
PJ019,2,5,2,2,77689.19,Completed
PJ019,2,5,3,2,31517.2,Completed
PJ019,2,5,4,2,7988.22,Completed
PJ019,2,5,5,1,10558.31,Completed
PJ019,2,5,6,1,10306.2,Completed
PJ019,3,1,1,1,69605.1,Completed
PJ019,3,1,2,2,93313.62,Completed
PJ019,3,1,3,2,21851.04,Completed
PJ019,3,1,4,2,16586.49,Completed
PJ019,3,1,5,2,7090.78,Completed
PJ019,3,1,6,1,6677.88,Completed
PJ019,4,1,1,2,58559.25,Completed
PJ019,4,1,2,2,72957.75,Completed
PJ019,4,1,3,2,16736.16,Completed
PJ019,4,1,4,1,16019.6,Completed
PJ019,4,1,5,1,13042.5,Completed
PJ019,4,1,6,1,11856.85,Completed
PJ019,5,1,1,2,73069.78,Completed
PJ019,5,1,2,2,95654.57,Completed
PJ019,5,1,3,1,20229.01,Completed
PJ019,5,1,4,1,14143.81,Completed
PJ019,5,1,5,2,18332.99,Completed
PJ019,5,1,6,2,6228.19,Completed
PJ019,6,2,1,1,16911.36,Completed
PJ019,6,2,2,1,51907.19,Completed
PJ019,6,2,3,2,8067.95,Completed
PJ019,6,2,4,1,134761.15,Completed
PJ019,6,2,5,2,11323.72,Completed
PJ019,6,2,6,1,10863.93,Completed
PJ020,1,1,1,1,28621.75,On Hold
PJ020,1,1,2,2,45550.29,On Hold
PJ020,1,1,3,1,12702.48,On Hold
PJ020,1,1,4,1,13048.72,On Hold
PJ020,1,1,5,3,8617.16,On Hold
PJ020,1,1,6,1,8071.48,On Hold
PJ020,2,1,1,2,41620.56,On Hold
PJ020,2,1,2,1,36514.06,On Hold
PJ020,2,1,3,2,8361.6,On Hold
PJ020,2,1,4,2,11594.07,On Hold
PJ020,2,1,5,2,2929.88,On Hold
PJ020,2,1,6,1,7351.0,On Hold
PJ020,3,1,1,1,29352.55,On Hold
PJ020,3,1,2,3,50685.3,On Hold
PJ020,3,1,3,2,7109.67,On Hold
PJ020,3,1,4,3,11538.15,On Hold
PJ020,3,1,5,1,7121.48,On Hold
PJ020,3,1,6,1,5142.41,On Hold
PJ020,4,2,1,1,10880.6,On Hold
PJ020,4,2,2,2,18032.02,On Hold
PJ020,4,2,3,2,9308.97,On Hold
PJ020,4,2,4,1,65769.92,On Hold
PJ020,4,2,5,1,6874.07,On Hold
PJ020,4,2,6,2,2875.4,On Hold
PJ021,4,6,1,2,35733.04,Active
PJ021,4,6,2,2,23043.09,Active
PJ021,4,6,3,1,10452.67,Active
PJ021,4,6,4,3,32991.06,Active
PJ021,4,6,5,1,11991.2,Active
PJ021,4,6,6,2,3530.6,Active
PJ021,5,6,1,2,26025.74,Active
PJ021,5,6,2,2,22080.52,Active
PJ021,5,6,3,2,11725.5,Active
PJ021,5,6,4,2,25825.38,Active
PJ021,5,6,5,2,10678.45,Active
PJ021,5,6,6,1,7736.76,Active
PJ021,6,3,1,1,36923.95,Active
PJ021,6,3,2,1,20301.01,Active
PJ021,6,3,3,2,30478.15,Active
PJ021,6,3,4,2,13888.65,Active
PJ021,6,3,5,1,2079.23,Active
PJ021,6,3,6,2,2927.75,Active
PJ021,7,3,1,1,41873.75,Active
PJ021,7,3,2,2,27323.58,Active
PJ021,7,3,3,1,32191.7,Active
PJ021,7,3,4,2,7536.7,Active
PJ021,7,3,5,1,4785.96,Active
PJ021,7,3,6,1,6139.03,Active
PJ021,8,3,1,2,35588.22,Active
PJ021,8,3,2,1,25794.74,Active
PJ021,8,3,3,3,32180.06,Active
PJ021,8,3,4,2,14813.47,Active
PJ021,8,3,5,1,4289.46,Active
PJ021,8,3,6,3,2899.59,Active
PJ021,9,4,1,1,36040.84,Active
PJ021,9,4,2,1,34180.81,Active
PJ021,9,4,3,2,20612.12,Active
PJ021,9,4,4,2,7357.44,Active
PJ021,9,4,5,2,8073.19,Active
PJ021,9,4,6,1,7872.72,Active
PJ021,10,4,1,1,43696.3,Active
PJ021,10,4,2,2,34021.03,Active
PJ021,10,4,3,1,16051.09,Active
PJ021,10,4,4,1,2456.91,Active
PJ021,10,4,5,1,4302.77,Active
PJ021,10,4,6,3,3045.44,Active
PJ021,11,4,1,2,33856.31,Active
PJ021,11,4,2,1,38349.16,Active
PJ021,11,4,3,2,17349.36,Active
PJ021,11,4,4,1,3587.64,Active
PJ021,11,4,5,2,6768.95,Active
PJ021,11,4,6,3,2437.42,Active
PJ021,12,5,1,2,33591.02,Active
PJ021,12,5,2,1,35161.75,Active
PJ021,12,5,3,3,19376.78,Active
PJ021,12,5,4,1,4164.85,Active
PJ021,12,5,5,2,7898.75,Active
PJ021,12,5,6,1,3193.88,Active
PJ022,1,5,1,1,52930.87,Completed
PJ022,1,5,2,1,40021.04,Completed
PJ022,1,5,3,3,20850.78,Completed
PJ022,1,5,4,2,4156.88,Completed
PJ022,1,5,5,2,8085.21,Completed
PJ022,1,5,6,1,7360.45,Completed
PJ022,2,5,1,2,39300.28,Completed
PJ022,2,5,2,1,49288.87,Completed
PJ022,2,5,3,1,16773.8,Completed
PJ022,2,5,4,3,9809.4,Completed
PJ022,2,5,5,2,7139.98,Completed
PJ022,2,5,6,2,7266.92,Completed
PJ022,3,5,1,1,40478.52,Completed
PJ022,3,5,2,2,41996.78,Completed
PJ022,3,5,3,1,17051.65,Completed
PJ022,3,5,4,1,10628.88,Completed
PJ022,3,5,5,1,5554.67,Completed
PJ022,3,5,6,2,5871.37,Completed
PJ022,4,5,1,1,59427.47,Completed
PJ022,4,5,2,1,48315.12,Completed
PJ022,4,5,3,2,16385.62,Completed
PJ022,4,5,4,1,8017.45,Completed
PJ022,4,5,5,2,3803.02,Completed
PJ022,4,5,6,2,9251.06,Completed
PJ022,5,1,1,1,47207.64,Completed
PJ022,5,1,2,1,60906.06,Completed
PJ022,5,1,3,3,16374.5,Completed
PJ022,5,1,4,1,12914.16,Completed
PJ022,5,1,5,1,8673.89,Completed
PJ022,5,1,6,2,5850.18,Completed
PJ022,6,1,1,2,48537.24,Completed
PJ022,6,1,2,3,63034.26,Completed
PJ022,6,1,3,1,11284.26,Completed
PJ022,6,1,4,2,14028.4,Completed
PJ022,6,1,5,2,9351.59,Completed
PJ022,6,1,6,1,3085.84,Completed
PJ022,7,1,1,2,43290.94,Completed
PJ022,7,1,2,2,59489.22,Completed
PJ022,7,1,3,2,15031.12,Completed
PJ022,7,1,4,1,16806.82,Completed
PJ022,7,1,5,1,3908.46,Completed
PJ022,7,1,6,1,8174.34,Completed
PJ022,8,2,1,3,10275.96,Completed
PJ022,8,2,2,1,25093.67,Completed
PJ022,8,2,3,2,11097.03,Completed
PJ022,8,2,4,2,88241.1,Completed
PJ022,8,2,5,1,4006.61,Completed
PJ022,8,2,6,1,6791.33,Completed
PJ023,9,6,1,3,65097.98,Active
PJ023,9,6,2,2,44805.26,Active
PJ023,9,6,3,2,31756.56,Active
PJ023,9,6,4,1,86630.93,Active
PJ023,9,6,5,1,33357.07,Active
PJ023,9,6,6,2,13390.52,Active
PJ023,10,6,1,3,62650.78,Active
PJ023,10,6,2,2,63308.51,Active
PJ023,10,6,3,1,27861.82,Active
PJ023,10,6,4,1,64356.47,Active
PJ023,10,6,5,1,34043.89,Active
PJ023,10,6,6,1,9282.21,Active
PJ023,11,3,1,3,83750.59,Active
PJ023,11,3,2,1,40698.98,Active
PJ023,11,3,3,2,58638.66,Active
PJ023,11,3,4,2,38141.45,Active
PJ023,11,3,5,3,15920.59,Active
PJ023,11,3,6,1,16545.65,Active
PJ023,12,3,1,3,99593.48,Active
PJ023,12,3,2,2,46776.07,Active
PJ023,12,3,3,1,59765.38,Active
PJ023,12,3,4,2,35266.12,Active
PJ023,12,3,5,3,15990.58,Active
PJ023,12,3,6,2,19970.27,Active
PJ024,1,5,1,1,31587.58,Completed
PJ024,1,5,2,1,36370.08,Completed
PJ024,1,5,3,1,13028.16,Completed
PJ024,1,5,4,1,7491.16,Completed
PJ024,1,5,5,1,4878.24,Completed
PJ024,1,5,6,1,5912.56,Completed
PJ024,2,1,1,1,28103.94,Completed
PJ024,2,1,2,1,49813.73,Completed
PJ024,2,1,3,2,11794.57,Completed
PJ024,2,1,4,1,9583.41,Completed
PJ024,2,1,5,1,1984.7,Completed
PJ024,2,1,6,2,3256.33,Completed
PJ024,3,1,1,1,26052.63,Completed
PJ024,3,1,2,1,38206.94,Completed
PJ024,3,1,3,2,14026.96,Completed
PJ024,3,1,4,2,10234.42,Completed
PJ024,3,1,5,1,6912.4,Completed
PJ024,3,1,6,3,8843.7,Completed
PJ024,4,1,1,2,25895.17,Completed
PJ024,4,1,2,1,45459.54,Completed
PJ024,4,1,3,1,7027.04,Completed
PJ024,4,1,4,2,10660.12,Completed
PJ024,4,1,5,1,2223.24,Completed
PJ024,4,1,6,1,7499.84,Completed
PJ024,5,2,1,3,11992.83,Completed
PJ024,5,2,2,3,23928.64,Completed
PJ024,5,2,3,1,5047.41,Completed
PJ024,5,2,4,1,58693.19,Completed
PJ024,5,2,5,1,1728.25,Completed
PJ024,5,2,6,2,5565.02,Completed
PJ026,1,5,1,2,131930.62,Completed
PJ026,1,5,2,2,90129.52,Completed
PJ026,1,5,3,1,43847.79,Completed
PJ026,1,5,4,2,24514.63,Completed
PJ026,1,5,5,1,15969.28,Completed
PJ026,1,5,6,1,7300.97,Completed
PJ026,2,5,1,1,113323.95,Completed
PJ026,2,5,2,3,102549.72,Completed
PJ026,2,5,3,2,45990.27,Completed
PJ026,2,5,4,1,15431.17,Completed
PJ026,2,5,5,2,9914.19,Completed
PJ026,2,5,6,1,21335.91,Completed
PJ026,3,5,1,3,96890.3,Completed
PJ026,3,5,2,3,115913.75,Completed
PJ026,3,5,3,1,40158.48,Completed
PJ026,3,5,4,1,19369.92,Completed
PJ026,3,5,5,2,7789.17,Completed
PJ026,3,5,6,1,7970.06,Completed
PJ026,4,5,1,2,130142.61,Completed
PJ026,4,5,2,2,85165.92,Completed
PJ026,4,5,3,2,45542.5,Completed
PJ026,4,5,4,1,15606.41,Completed
PJ026,4,5,5,2,15753.65,Completed
PJ026,4,5,6,2,15261.46,Completed
PJ026,5,1,1,1,84923.19,Completed
PJ026,5,1,2,2,103996.17,Completed
PJ026,5,1,3,2,37021.33,Completed
PJ026,5,1,4,1,28537.25,Completed
PJ026,5,1,5,3,18100.47,Completed
PJ026,5,1,6,2,16691.98,Completed
PJ026,6,1,1,2,81104.86,Completed
PJ026,6,1,2,3,133728.5,Completed
PJ026,6,1,3,3,22362.74,Completed
PJ026,6,1,4,2,27728.3,Completed
PJ026,6,1,5,1,19784.82,Completed
PJ026,6,1,6,1,15599.48,Completed
PJ026,7,2,1,3,32021.37,Completed
PJ026,7,2,2,1,59138.59,Completed
PJ026,7,2,3,2,17338.66,Completed
PJ026,7,2,4,2,171082.73,Completed
PJ026,7,2,5,2,6667.5,Completed
PJ026,7,2,6,2,28240.29,Completed
PJ027,1,5,1,2,94425.88,Completed
PJ027,1,5,2,3,66263.24,Completed
PJ027,1,5,3,3,39364.99,Completed
PJ027,1,5,4,2,7626.21,Completed
PJ027,1,5,5,3,4860.72,Completed
PJ027,1,5,6,2,17356.96,Completed
PJ027,2,5,1,1,74765.35,Completed
PJ027,2,5,2,3,67600.62,Completed
PJ027,2,5,3,3,31906.8,Completed
PJ027,2,5,4,2,8107.92,Completed
PJ027,2,5,5,1,10581.09,Completed
PJ027,2,5,6,2,17412.51,Completed
PJ027,3,5,1,2,60521.43,Completed
PJ027,3,5,2,2,66916.54,Completed
PJ027,3,5,3,2,35268.02,Completed
PJ027,3,5,4,1,12327.68,Completed
PJ027,3,5,5,1,16337.43,Completed
PJ027,3,5,6,3,12931.2,Completed
PJ027,4,5,1,2,71412.2,Completed
PJ027,4,5,2,1,77938.57,Completed
PJ027,4,5,3,1,28434.26,Completed
PJ027,4,5,4,1,6369.66,Completed
PJ027,4,5,5,3,11109.77,Completed
PJ027,4,5,6,3,14502.61,Completed
PJ027,5,5,1,2,67775.64,Completed
PJ027,5,5,2,3,76468.27,Completed
PJ027,5,5,3,2,37520.53,Completed
PJ027,5,5,4,2,14940.38,Completed
PJ027,5,5,5,2,11541.5,Completed
PJ027,5,5,6,2,10719.91,Completed
PJ027,6,1,1,2,67441.05,Completed
PJ027,6,1,2,1,98349.97,Completed
PJ027,6,1,3,1,25808.8,Completed
PJ027,6,1,4,1,14579.91,Completed
PJ027,6,1,5,2,12631.89,Completed
PJ027,6,1,6,1,9112.37,Completed
PJ027,7,1,1,1,63178.43,Completed
PJ027,7,1,2,1,116841.24,Completed
PJ027,7,1,3,1,19151.25,Completed
PJ027,7,1,4,3,20182.44,Completed
PJ027,7,1,5,3,14982.36,Completed
PJ027,7,1,6,3,7962.32,Completed
PJ027,8,1,1,1,79075.35,Completed
PJ027,8,1,2,2,111006.85,Completed
PJ027,8,1,3,2,25771.58,Completed
PJ027,8,1,4,2,23235.31,Completed
PJ027,8,1,5,1,16212.66,Completed
PJ027,8,1,6,2,3886.53,Completed
PJ027,9,2,1,1,20321.3,Completed
PJ027,9,2,2,1,58915.77,Completed
PJ027,9,2,3,2,13215.74,Completed
PJ027,9,2,4,3,113051.25,Completed
PJ027,9,2,5,2,10984.28,Completed
PJ027,9,2,6,3,6747.92,Completed
PJ028,1,5,1,1,22148.09,Completed
PJ028,1,5,2,1,20901.95,Completed
PJ028,1,5,3,2,8993.31,Completed
PJ028,1,5,4,2,3491.33,Completed
PJ028,1,5,5,1,2061.14,Completed
PJ028,1,5,6,1,4304.04,Completed
PJ028,2,5,1,2,29446.45,Completed
PJ028,2,5,2,2,26971.84,Completed
PJ028,2,5,3,1,11531.37,Completed
PJ028,2,5,4,2,3767.58,Completed
PJ028,2,5,5,3,3412.13,Completed
PJ028,2,5,6,1,1644.04,Completed
PJ028,3,5,1,2,25194.72,Completed
PJ028,3,5,2,1,19071.87,Completed
PJ028,3,5,3,1,10476.97,Completed
PJ028,3,5,4,3,1745.64,Completed
PJ028,3,5,5,1,3173.9,Completed
PJ028,3,5,6,2,5375.71,Completed
PJ028,4,1,1,2,24697.25,Completed
PJ028,4,1,2,2,24492.84,Completed
PJ028,4,1,3,3,7840.74,Completed
PJ028,4,1,4,2,6683.68,Completed
PJ028,4,1,5,2,3016.57,Completed
PJ028,4,1,6,1,2487.43,Completed
PJ028,5,1,1,1,22829.28,Completed
PJ028,5,1,2,2,26113.65,Completed
PJ028,5,1,3,2,5078.05,Completed
PJ028,5,1,4,1,8970.44,Completed
PJ028,5,1,5,1,4731.63,Completed
PJ028,5,1,6,3,4242.27,Completed
PJ028,6,1,1,3,21297.42,Completed
PJ028,6,1,2,1,29136.51,Completed
PJ028,6,1,3,2,4500.12,Completed
PJ028,6,1,4,1,9311.46,Completed
PJ028,6,1,5,2,3670.3,Completed
PJ028,6,1,6,2,1763.73,Completed
PJ028,7,2,1,2,6474.46,Completed
PJ028,7,2,2,1,16529.16,Completed
PJ028,7,2,3,1,2726.4,Completed
PJ028,7,2,4,3,40247.3,Completed
PJ028,7,2,5,3,5149.53,Completed
PJ028,7,2,6,1,5454.64,Completed
PJ029,12,6,1,3,45606.06,Active
PJ029,12,6,2,1,26702.05,Active
PJ029,12,6,3,2,14715.23,Active
PJ029,12,6,4,3,43245.27,Active
PJ029,12,6,5,3,18814.29,Active
PJ029,12,6,6,2,6848.78,Active
PJ030,9,6,1,1,56277.58,Active
PJ030,9,6,2,1,40206.58,Active
PJ030,9,6,3,3,15340.52,Active
PJ030,9,6,4,2,41217.46,Active
PJ030,9,6,5,1,21337.84,Active
PJ030,9,6,6,3,13817.23,Active
PJ030,10,6,1,2,51969.07,Active
PJ030,10,6,2,1,42537.83,Active
PJ030,10,6,3,1,22374.23,Active
PJ030,10,6,4,1,36494.87,Active
PJ030,10,6,5,1,17200.36,Active
PJ030,10,6,6,3,7215.38,Active
PJ030,11,3,1,1,63967.29,Active
PJ030,11,3,2,3,43530.14,Active
PJ030,11,3,3,3,42948.94,Active
PJ030,11,3,4,2,18713.13,Active
PJ030,11,3,5,2,8107.47,Active
PJ030,11,3,6,2,10328.77,Active
PJ030,12,3,1,2,63985.67,Active
PJ030,12,3,2,2,49033.49,Active
PJ030,12,3,3,1,48915.48,Active
PJ030,12,3,4,2,15404.45,Active
PJ030,12,3,5,1,5424.32,Active
PJ030,12,3,6,2,13633.1,Active
PJ031,1,6,1,1,62480.29,On Hold
PJ031,1,6,2,2,60966.8,On Hold
PJ031,1,6,3,1,16620.66,On Hold
PJ031,1,6,4,1,67983.29,On Hold
PJ031,1,6,5,2,28202.42,On Hold
PJ031,1,6,6,2,8606.34,On Hold
PJ031,2,6,1,3,79056.56,On Hold
PJ031,2,6,2,1,61427.98,On Hold
PJ031,2,6,3,2,18582.29,On Hold
PJ031,2,6,4,1,57905.67,On Hold
PJ031,2,6,5,2,15899.3,On Hold
PJ031,2,6,6,1,10276.99,On Hold
PJ031,3,3,1,1,84146.64,On Hold
PJ031,3,3,2,2,55010.96,On Hold
PJ031,3,3,3,1,72348.42,On Hold
PJ031,3,3,4,2,19360.31,On Hold
PJ031,3,3,5,1,15788.82,On Hold
PJ031,3,3,6,2,12020.56,On Hold
PJ031,4,3,1,1,95323.5,On Hold
PJ031,4,3,2,1,51145.89,On Hold
PJ031,4,3,3,2,70205.92,On Hold
PJ031,4,3,4,2,20003.95,On Hold
PJ031,4,3,5,1,6266.38,On Hold
PJ031,4,3,6,2,7438.04,On Hold
PJ031,5,4,1,2,66848.28,On Hold
PJ031,5,4,2,2,78867.28,On Hold
PJ031,5,4,3,2,54011.79,On Hold
PJ031,5,4,4,2,6555.31,On Hold
PJ031,5,4,5,1,16547.34,On Hold
PJ031,5,4,6,1,16571.25,On Hold
PJ031,6,4,1,2,67168.16,On Hold
PJ031,6,4,2,2,87434.02,On Hold
PJ031,6,4,3,1,39354.7,On Hold
PJ031,6,4,4,3,19222.48,On Hold
PJ031,6,4,5,3,16689.9,On Hold
PJ031,6,4,6,1,12152.52,On Hold
PJ031,7,4,1,2,85084.2,On Hold
PJ031,7,4,2,2,75876.91,On Hold
PJ031,7,4,3,1,42379.08,On Hold
PJ031,7,4,4,1,8862.8,On Hold
PJ031,7,4,5,1,10363.6,On Hold
PJ031,7,4,6,1,23857.22,On Hold
PJ031,8,5,1,3,81175.6,On Hold
PJ031,8,5,2,3,100900.06,On Hold
PJ031,8,5,3,1,29585.13,On Hold
PJ031,8,5,4,3,13372.41,On Hold
PJ031,8,5,5,2,19013.92,On Hold
PJ031,8,5,6,2,11675.86,On Hold
PJ031,9,5,1,2,95931.64,On Hold
PJ031,9,5,2,2,91822.59,On Hold
PJ031,9,5,3,1,40312.98,On Hold
PJ031,9,5,4,1,7346.77,On Hold
PJ031,9,5,5,1,14065.39,On Hold
PJ031,9,5,6,2,12881.47,On Hold
PJ031,10,1,1,2,73702.46,On Hold
PJ031,10,1,2,2,101950.45,On Hold
PJ031,10,1,3,1,21745.21,On Hold
PJ031,10,1,4,1,23785.27,On Hold
PJ031,10,1,5,2,11086.93,On Hold
PJ031,10,1,6,1,15835.17,On Hold
PJ031,11,1,1,1,81811.14,On Hold
PJ031,11,1,2,2,126110.33,On Hold
PJ031,11,1,3,1,30195.97,On Hold
PJ031,11,1,4,2,26085.54,On Hold
PJ031,11,1,5,1,6323.93,On Hold
PJ031,11,1,6,2,16292.96,On Hold
PJ031,12,1,1,2,67217.46,On Hold
PJ031,12,1,2,3,89834.92,On Hold
PJ031,12,1,3,2,19079.44,On Hold
PJ031,12,1,4,2,24844.51,On Hold
PJ031,12,1,5,2,19228.18,On Hold
PJ031,12,1,6,1,19130.99,On Hold
PJ033,11,6,1,2,71924.97,Active
PJ033,11,6,2,2,50792.59,Active
PJ033,11,6,3,2,21430.09,Active
PJ033,11,6,4,3,56642.14,Active
PJ033,11,6,5,2,30778.73,Active
PJ033,11,6,6,1,12399.24,Active
PJ033,12,3,1,2,97007.75,Active
PJ033,12,3,2,2,62429.06,Active
PJ033,12,3,3,2,69189.96,Active
PJ033,12,3,4,1,33606.61,Active
PJ033,12,3,5,2,5485.52,Active
PJ033,12,3,6,2,17349.43,Active
PJ035,1,6,1,2,53258.74,On Hold
PJ035,1,6,2,2,29780.11,On Hold
PJ035,1,6,3,1,10883.71,On Hold
PJ035,1,6,4,1,30870.78,On Hold
PJ035,1,6,5,2,11246.01,On Hold
PJ035,1,6,6,1,4379.44,On Hold
PJ035,2,6,1,1,40794.75,On Hold
PJ035,2,6,2,3,31837.42,On Hold
PJ035,2,6,3,1,10779.65,On Hold
PJ035,2,6,4,2,35032.38,On Hold
PJ035,2,6,5,1,18513.7,On Hold
PJ035,2,6,6,2,5723.6,On Hold
PJ035,3,3,1,1,52834.66,On Hold
PJ035,3,3,2,1,24022.24,On Hold
PJ035,3,3,3,1,26035.14,On Hold
PJ035,3,3,4,2,15380.69,On Hold
PJ035,3,3,5,2,3379.72,On Hold
PJ035,3,3,6,1,6439.85,On Hold
PJ035,4,4,1,2,42258.07,On Hold
PJ035,4,4,2,1,44482.94,On Hold
PJ035,4,4,3,1,23860.05,On Hold
PJ035,4,4,4,1,7068.58,On Hold
PJ035,4,4,5,2,3895.64,On Hold
PJ035,4,4,6,2,4687.87,On Hold
PJ035,5,4,1,3,43190.83,On Hold
PJ035,5,4,2,2,41532.17,On Hold
PJ035,5,4,3,2,24372.72,On Hold
PJ035,5,4,4,1,3523.69,On Hold
PJ035,5,4,5,2,5987.23,On Hold
PJ035,5,4,6,1,7026.98,On Hold
PJ035,6,4,1,2,41754.97,On Hold
PJ035,6,4,2,2,54435.92,On Hold
PJ035,6,4,3,1,22661.02,On Hold
PJ035,6,4,4,2,3089.02,On Hold
PJ035,6,4,5,2,11012.68,On Hold
PJ035,6,4,6,2,3466.05,On Hold
PJ035,7,5,1,2,37242.62,On Hold
PJ035,7,5,2,1,54366.35,On Hold
PJ035,7,5,3,3,17101.28,On Hold
PJ035,7,5,4,1,4707.82,On Hold
PJ035,7,5,5,1,9562.89,On Hold
PJ035,7,5,6,3,7955.55,On Hold
PJ035,8,5,1,2,44386.36,On Hold
PJ035,8,5,2,1,40632.97,On Hold
PJ035,8,5,3,1,15709.87,On Hold
PJ035,8,5,4,1,8958.24,On Hold
PJ035,8,5,5,2,6512.62,On Hold
PJ035,8,5,6,2,8542.5,On Hold
PJ035,9,5,1,2,37523.88,On Hold
PJ035,9,5,2,2,50669.15,On Hold
PJ035,9,5,3,2,22359.75,On Hold
PJ035,9,5,4,2,2789.41,On Hold
PJ035,9,5,5,1,9942.25,On Hold
PJ035,9,5,6,2,9922.65,On Hold
PJ035,10,5,1,2,45778.94,On Hold
PJ035,10,5,2,3,44682.53,On Hold
PJ035,10,5,3,2,19535.78,On Hold
PJ035,10,5,4,2,9223.02,On Hold
PJ035,10,5,5,1,8569.64,On Hold
PJ035,10,5,6,1,7671.98,On Hold
PJ035,11,5,1,2,44941.17,On Hold
PJ035,11,5,2,2,52058.13,On Hold
PJ035,11,5,3,2,22457.92,On Hold
PJ035,11,5,4,2,6468.03,On Hold
PJ035,11,5,5,3,4671.51,On Hold
PJ035,11,5,6,1,3165.49,On Hold
PJ035,12,5,1,2,51187.05,On Hold
PJ035,12,5,2,2,43985.89,On Hold
PJ035,12,5,3,1,19973.13,On Hold
PJ035,12,5,4,1,7533.92,On Hold
PJ035,12,5,5,1,4506.66,On Hold
PJ035,12,5,6,1,9558.16,On Hold
PJ036,11,6,1,2,80714.57,On Hold
PJ036,11,6,2,3,60003.32,On Hold
PJ036,11,6,3,3,27966.72,On Hold
PJ036,11,6,4,2,68916.63,On Hold
PJ036,11,6,5,1,18491.13,On Hold
PJ036,11,6,6,2,14816.22,On Hold
PJ036,12,6,1,1,65305.84,On Hold
PJ036,12,6,2,1,44868.64,On Hold
PJ036,12,6,3,3,32653.47,On Hold
PJ036,12,6,4,1,56455.81,On Hold
PJ036,12,6,5,2,18487.59,On Hold
PJ036,12,6,6,3,4912.52,On Hold
PJ037,1,3,1,3,109027.47,Active
PJ037,1,3,2,1,50604.62,Active
PJ037,1,3,3,1,80084.32,Active
PJ037,1,3,4,3,25195.35,Active
PJ037,1,3,5,2,9329.49,Active
PJ037,1,3,6,2,11673.64,Active
PJ037,2,4,1,2,80680.91,Active
PJ037,2,4,2,2,96297.31,Active
PJ037,2,4,3,1,45809.69,Active
PJ037,2,4,4,2,11112.06,Active
PJ037,2,4,5,1,20871.87,Active
PJ037,2,4,6,2,8082.93,Active
PJ037,3,4,1,2,91467.81,Active
PJ037,3,4,2,3,85327.67,Active
PJ037,3,4,3,2,41891.15,Active
PJ037,3,4,4,1,17498.3,Active
PJ037,3,4,5,1,16844.2,Active
PJ037,3,4,6,2,16376.16,Active
PJ037,4,4,1,3,94356.5,Active
PJ037,4,4,2,2,80279.28,Active
PJ037,4,4,3,3,55744.78,Active
PJ037,4,4,4,1,13963.86,Active
PJ037,4,4,5,1,7895.8,Active
PJ037,4,4,6,3,12866.79,Active
PJ037,5,5,1,1,75362.13,Active
PJ037,5,5,2,3,98176.45,Active
PJ037,5,5,3,3,51117.54,Active
PJ037,5,5,4,1,11144.46,Active
PJ037,5,5,5,1,15274.53,Active
PJ037,5,5,6,1,5717.53,Active
PJ037,6,5,1,3,87191.97,Active
PJ037,6,5,2,1,97014.27,Active
PJ037,6,5,3,1,31795.57,Active
PJ037,6,5,4,1,6529.86,Active
PJ037,6,5,5,1,19630.32,Active
PJ037,6,5,6,2,14377.29,Active
PJ037,7,5,1,1,87265.03,Active
PJ037,7,5,2,1,99755.48,Active
PJ037,7,5,3,2,29069.31,Active
PJ037,7,5,4,2,10730.32,Active
PJ037,7,5,5,1,19915.97,Active
PJ037,7,5,6,1,7695.83,Active
PJ037,8,5,1,2,95758.14,Active
PJ037,8,5,2,2,100257.32,Active
PJ037,8,5,3,2,42835.94,Active
PJ037,8,5,4,1,19033.0,Active
PJ037,8,5,5,2,7571.2,Active
PJ037,8,5,6,3,11570.76,Active
PJ037,9,5,1,1,95951.93,Active
PJ037,9,5,2,2,82274.33,Active
PJ037,9,5,3,2,45963.82,Active
PJ037,9,5,4,1,11009.19,Active
PJ037,9,5,5,3,10780.34,Active
PJ037,9,5,6,2,18339.26,Active
PJ037,10,5,1,1,92435.13,Active
PJ037,10,5,2,1,84110.45,Active
PJ037,10,5,3,1,30054.16,Active
PJ037,10,5,4,2,12504.44,Active
PJ037,10,5,5,3,12937.75,Active
PJ037,10,5,6,2,13166.12,Active
PJ037,11,5,1,2,76302.68,Active
PJ037,11,5,2,2,83669.76,Active
PJ037,11,5,3,1,41816.58,Active
PJ037,11,5,4,1,5846.88,Active
PJ037,11,5,5,1,15704.05,Active
PJ037,11,5,6,2,19028.66,Active
PJ037,12,5,1,3,79797.14,Active
PJ037,12,5,2,1,77857.36,Active
PJ037,12,5,3,1,45970.83,Active
PJ037,12,5,4,2,10855.17,Active
PJ037,12,5,5,2,5916.55,Active
PJ037,12,5,6,2,12803.16,Active
PJ038,9,6,1,2,93293.0,Active
PJ038,9,6,2,2,45206.98,Active
PJ038,9,6,3,1,14656.32,Active
PJ038,9,6,4,2,56785.77,Active
PJ038,9,6,5,2,19591.34,Active
PJ038,9,6,6,1,12434.6,Active
PJ038,10,6,1,1,68138.58,Active
PJ038,10,6,2,2,41680.14,Active
PJ038,10,6,3,2,24295.45,Active
PJ038,10,6,4,2,51080.96,Active
PJ038,10,6,5,2,27525.1,Active
PJ038,10,6,6,3,8864.71,Active
PJ038,11,3,1,1,64465.88,Active
PJ038,11,3,2,3,44755.51,Active
PJ038,11,3,3,3,59869.94,Active
PJ038,11,3,4,2,26643.84,Active
PJ038,11,3,5,1,18568.67,Active
PJ038,11,3,6,3,9632.66,Active
PJ038,12,3,1,2,90618.5,Active
PJ038,12,3,2,3,40921.03,Active
PJ038,12,3,3,1,46704.6,Active
PJ038,12,3,4,2,27403.41,Active
PJ038,12,3,5,1,5542.08,Active
PJ038,12,3,6,3,13050.92,Active
PJ039,1,1,1,3,128863.67,Completed
PJ039,1,1,2,1,144801.98,Completed
PJ039,1,1,3,1,44221.11,Completed
PJ039,1,1,4,3,37957.62,Completed
PJ039,1,1,5,2,9745.78,Completed
PJ039,1,1,6,1,10747.18,Completed
PJ039,2,2,1,2,53088.22,Completed
PJ039,2,2,2,3,79862.03,Completed
PJ039,2,2,3,3,29600.98,Completed
PJ039,2,2,4,1,214185.56,Completed
PJ039,2,2,5,1,16302.73,Completed
PJ039,2,2,6,3,9048.76,Completed
PJ040,1,4,1,2,57766.13,Active
PJ040,1,4,2,2,79932.82,Active
PJ040,1,4,3,1,39088.88,Active
PJ040,1,4,4,2,4681.22,Active
PJ040,1,4,5,1,14468.46,Active
PJ040,1,4,6,1,11244.53,Active
PJ040,2,4,1,1,62091.65,Active
PJ040,2,4,2,2,78275.3,Active
PJ040,2,4,3,2,37149.03,Active
PJ040,2,4,4,2,13195.88,Active
PJ040,2,4,5,1,12088.64,Active
PJ040,2,4,6,1,11734.66,Active
PJ040,3,5,1,1,73798.64,Active
PJ040,3,5,2,3,74124.05,Active
PJ040,3,5,3,1,36810.83,Active
PJ040,3,5,4,2,5996.64,Active
PJ040,3,5,5,1,17038.94,Active
PJ040,3,5,6,1,12961.12,Active
PJ040,4,5,1,2,78348.32,Active
PJ040,4,5,2,1,68137.8,Active
PJ040,4,5,3,1,34018.81,Active
PJ040,4,5,4,1,6181.82,Active
PJ040,4,5,5,2,6874.32,Active
PJ040,4,5,6,1,10129.72,Active
PJ040,5,5,1,1,70706.92,Active
PJ040,5,5,2,2,57192.56,Active
PJ040,5,5,3,2,29030.27,Active
PJ040,5,5,4,1,15898.79,Active
PJ040,5,5,5,3,11335.35,Active
PJ040,5,5,6,1,6387.22,Active
PJ040,6,5,1,1,63040.88,Active
PJ040,6,5,2,1,73425.96,Active
PJ040,6,5,3,1,32419.05,Active
PJ040,6,5,4,1,10973.37,Active
PJ040,6,5,5,2,10695.4,Active
PJ040,6,5,6,1,9211.46,Active
PJ040,7,5,1,1,71553.16,Active
PJ040,7,5,2,1,57356.89,Active
PJ040,7,5,3,1,23161.46,Active
PJ040,7,5,4,2,13750.39,Active
PJ040,7,5,5,2,5439.49,Active
PJ040,7,5,6,2,7853.29,Active
PJ040,8,5,1,1,77919.63,Active
PJ040,8,5,2,1,78767.47,Active
PJ040,8,5,3,1,29625.06,Active
PJ040,8,5,4,2,15182.5,Active
PJ040,8,5,5,2,10957.69,Active
PJ040,8,5,6,1,8350.97,Active
PJ040,9,5,1,2,66902.8,Active
PJ040,9,5,2,2,91235.2,Active
PJ040,9,5,3,1,34107.22,Active
PJ040,9,5,4,2,8768.44,Active
PJ040,9,5,5,1,4730.05,Active
PJ040,9,5,6,3,8513.49,Active
PJ040,10,5,1,2,75862.13,Active
PJ040,10,5,2,2,69873.32,Active
PJ040,10,5,3,2,27215.75,Active
PJ040,10,5,4,1,5174.41,Active
PJ040,10,5,5,1,9594.28,Active
PJ040,10,5,6,2,10921.68,Active
PJ040,11,5,1,1,70290.91,Active
PJ040,11,5,2,1,82421.31,Active
PJ040,11,5,3,2,34611.58,Active
PJ040,11,5,4,2,7283.66,Active
PJ040,11,5,5,1,5132.1,Active
PJ040,11,5,6,1,16661.44,Active
PJ040,12,1,1,2,51063.84,Active
PJ040,12,1,2,1,77529.28,Active
PJ040,12,1,3,1,19527.3,Active
PJ040,12,1,4,1,20216.04,Active
PJ040,12,1,5,1,11706.99,Active
PJ040,12,1,6,1,4926.93,Active
PJ041,6,6,1,3,86257.1,On Hold
PJ041,6,6,2,2,56225.98,On Hold
PJ041,6,6,3,2,24828.01,On Hold
PJ041,6,6,4,1,74579.9,On Hold
PJ041,6,6,5,2,21838.56,On Hold
PJ041,6,6,6,2,9610.47,On Hold
PJ041,7,6,1,2,108633.15,On Hold
PJ041,7,6,2,2,46951.95,On Hold
PJ041,7,6,3,2,21850.24,On Hold
PJ041,7,6,4,1,72922.2,On Hold
PJ041,7,6,5,2,18514.18,On Hold
PJ041,7,6,6,1,9168.95,On Hold
PJ041,8,3,1,2,96335.39,On Hold
PJ041,8,3,2,2,70103.73,On Hold
PJ041,8,3,3,2,72750.46,On Hold
PJ041,8,3,4,2,24089.37,On Hold
PJ041,8,3,5,2,9000.98,On Hold
PJ041,8,3,6,2,9932.74,On Hold
PJ041,9,3,1,1,99123.67,On Hold
PJ041,9,3,2,2,47553.43,On Hold
PJ041,9,3,3,2,73479.22,On Hold
PJ041,9,3,4,2,22938.27,On Hold
PJ041,9,3,5,2,13435.91,On Hold
PJ041,9,3,6,1,12486.51,On Hold
PJ041,10,3,1,1,78782.95,On Hold
PJ041,10,3,2,1,39773.35,On Hold
PJ041,10,3,3,1,58817.17,On Hold
PJ041,10,3,4,3,29870.5,On Hold
PJ041,10,3,5,2,21176.66,On Hold
PJ041,10,3,6,1,18211.38,On Hold
PJ041,11,4,1,2,77785.99,On Hold
PJ041,11,4,2,1,75728.09,On Hold
PJ041,11,4,3,2,67914.12,On Hold
PJ041,11,4,4,2,7593.03,On Hold
PJ041,11,4,5,2,24339.16,On Hold
PJ041,11,4,6,2,8817.87,On Hold
PJ041,12,4,1,1,77817.06,On Hold
PJ041,12,4,2,2,111848.16,On Hold
PJ041,12,4,3,1,58050.57,On Hold
PJ041,12,4,4,3,15720.65,On Hold
PJ041,12,4,5,3,17759.83,On Hold
PJ041,12,4,6,2,8919.57,On Hold
PJ042,7,6,1,1,86277.47,On Hold
PJ042,7,6,2,1,57615.16,On Hold
PJ042,7,6,3,3,37931.47,On Hold
PJ042,7,6,4,1,55408.65,On Hold
PJ042,7,6,5,2,42508.94,On Hold
PJ042,7,6,6,2,11451.72,On Hold
PJ042,8,6,1,1,75916.62,On Hold
PJ042,8,6,2,2,54319.49,On Hold
PJ042,8,6,3,1,34595.88,On Hold
PJ042,8,6,4,3,75751.28,On Hold
PJ042,8,6,5,3,25379.85,On Hold
PJ042,8,6,6,2,19803.09,On Hold
PJ042,9,3,1,1,118271.98,On Hold
PJ042,9,3,2,3,64031.09,On Hold
PJ042,9,3,3,1,56017.43,On Hold
PJ042,9,3,4,3,26717.22,On Hold
PJ042,9,3,5,1,14032.69,On Hold
PJ042,9,3,6,1,8173.15,On Hold
PJ042,10,3,1,1,104505.07,On Hold
PJ042,10,3,2,1,63008.4,On Hold
PJ042,10,3,3,2,85670.94,On Hold
PJ042,10,3,4,1,27927.66,On Hold
PJ042,10,3,5,2,19457.25,On Hold
PJ042,10,3,6,1,16345.58,On Hold
PJ042,11,3,1,1,98926.48,On Hold
PJ042,11,3,2,2,57603.75,On Hold
PJ042,11,3,3,2,82062.74,On Hold
PJ042,11,3,4,2,25151.68,On Hold
PJ042,11,3,5,1,13937.22,On Hold
PJ042,11,3,6,3,11004.96,On Hold
PJ042,12,4,1,2,70296.94,On Hold
PJ042,12,4,2,3,82035.92,On Hold
PJ042,12,4,3,3,70938.11,On Hold
PJ042,12,4,4,2,18848.16,On Hold
PJ042,12,4,5,1,9886.72,On Hold
PJ042,12,4,6,2,24697.46,On Hold
PJ043,1,5,1,2,83578.88,Active
PJ043,1,5,2,2,88867.48,Active
PJ043,1,5,3,2,39926.26,Active
PJ043,1,5,4,1,8392.11,Active
PJ043,1,5,5,1,10632.35,Active
PJ043,1,5,6,1,11301.19,Active
PJ043,2,5,1,2,91114.07,Active
PJ043,2,5,2,1,90045.34,Active
PJ043,2,5,3,2,39564.69,Active
PJ043,2,5,4,1,17130.81,Active
PJ043,2,5,5,1,4458.99,Active
PJ043,2,5,6,2,11818.32,Active
PJ043,3,5,1,2,87153.22,Active
PJ043,3,5,2,1,84444.9,Active
PJ043,3,5,3,1,29040.67,Active
PJ043,3,5,4,1,14695.08,Active
PJ043,3,5,5,2,6312.02,Active
PJ043,3,5,6,2,12994.71,Active
PJ043,4,5,1,2,77212.11,Active
PJ043,4,5,2,2,94011.78,Active
PJ043,4,5,3,1,35816.61,Active
PJ043,4,5,4,2,21217.33,Active
PJ043,4,5,5,1,9833.97,Active
PJ043,4,5,6,1,15351.39,Active
PJ043,5,5,1,2,83014.04,Active
PJ043,5,5,2,3,76985.93,Active
PJ043,5,5,3,3,30278.39,Active
PJ043,5,5,4,2,11536.93,Active
PJ043,5,5,5,1,16306.86,Active
PJ043,5,5,6,1,15310.15,Active
PJ043,6,5,1,1,97221.2,Active
PJ043,6,5,2,2,110668.22,Active
PJ043,6,5,3,2,38422.58,Active
PJ043,6,5,4,2,5267.32,Active
PJ043,6,5,5,1,7544.72,Active
PJ043,6,5,6,1,6842.8,Active
PJ043,7,5,1,1,94251.98,Active
PJ043,7,5,2,1,89478.66,Active
PJ043,7,5,3,1,42924.88,Active
PJ043,7,5,4,2,6037.83,Active
PJ043,7,5,5,1,10257.58,Active
PJ043,7,5,6,2,17728.17,Active
PJ043,8,5,1,1,109930.25,Active
PJ043,8,5,2,3,99614.83,Active
PJ043,8,5,3,1,30386.09,Active
PJ043,8,5,4,2,13953.18,Active
PJ043,8,5,5,1,9528.84,Active
PJ043,8,5,6,2,18023.43,Active
PJ043,9,5,1,3,86403.32,Active
PJ043,9,5,2,2,80557.73,Active
PJ043,9,5,3,2,32069.29,Active
PJ043,9,5,4,2,22712.38,Active
PJ043,9,5,5,3,19210.46,Active
PJ043,9,5,6,2,19152.03,Active
PJ043,10,1,1,1,67851.18,Active
PJ043,10,1,2,2,85936.15,Active
PJ043,10,1,3,1,27543.67,Active
PJ043,10,1,4,2,29103.21,Active
PJ043,10,1,5,2,6240.76,Active
PJ043,10,1,6,1,23980.33,Active
PJ043,11,1,1,1,57460.52,Active
PJ043,11,1,2,2,97170.61,Active
PJ043,11,1,3,2,22368.52,Active
PJ043,11,1,4,1,36547.75,Active
PJ043,11,1,5,2,7263.77,Active
PJ043,11,1,6,2,14451.08,Active
PJ043,12,1,1,2,74655.12,Active
PJ043,12,1,2,1,89100.8,Active
PJ043,12,1,3,2,28649.18,Active
PJ043,12,1,4,2,26652.23,Active
PJ043,12,1,5,2,10083.3,Active
PJ043,12,1,6,1,16886.14,Active
PJ044,1,6,1,1,56764.25,Active
PJ044,1,6,2,2,33634.28,Active
PJ044,1,6,3,1,11995.54,Active
PJ044,1,6,4,1,40216.96,Active
PJ044,1,6,5,2,21233.7,Active
PJ044,1,6,6,2,15844.89,Active
PJ044,2,3,1,1,72169.01,Active
PJ044,2,3,2,1,34176.83,Active
PJ044,2,3,3,1,52402.97,Active
PJ044,2,3,4,1,16832.26,Active
PJ044,2,3,5,2,6393.6,Active
PJ044,2,3,6,2,5338.55,Active
PJ044,3,3,1,1,60252.87,Active
PJ044,3,3,2,3,30524.41,Active
PJ044,3,3,3,1,45864.73,Active
PJ044,3,3,4,1,11288.85,Active
PJ044,3,3,5,2,9146.97,Active
PJ044,3,3,6,1,6051.98,Active
PJ044,4,3,1,1,65505.95,Active
PJ044,4,3,2,1,34543.44,Active
PJ044,4,3,3,2,45502.99,Active
PJ044,4,3,4,1,18133.33,Active
PJ044,4,3,5,1,5857.53,Active
PJ044,4,3,6,1,10267.72,Active
PJ044,5,4,1,1,56438.67,Active
PJ044,5,4,2,2,66459.33,Active
PJ044,5,4,3,2,29297.48,Active
PJ044,5,4,4,1,10201.25,Active
PJ044,5,4,5,1,4868.57,Active
PJ044,5,4,6,1,11336.03,Active
PJ044,6,4,1,3,55506.73,Active
PJ044,6,4,2,1,64111.42,Active
PJ044,6,4,3,1,29910.08,Active
PJ044,6,4,4,2,9980.81,Active
PJ044,6,4,5,1,8804.32,Active
PJ044,6,4,6,1,13700.38,Active
PJ044,7,4,1,2,54570.49,Active
PJ044,7,4,2,3,65351.36,Active
PJ044,7,4,3,2,30467.24,Active
PJ044,7,4,4,1,7369.25,Active
PJ044,7,4,5,3,12052.27,Active
PJ044,7,4,6,1,3914.57,Active
PJ044,8,5,1,1,48836.16,Active
PJ044,8,5,2,1,53862.39,Active
PJ044,8,5,3,2,30019.79,Active
PJ044,8,5,4,1,8111.84,Active
PJ044,8,5,5,3,11459.5,Active
PJ044,8,5,6,2,12500.33,Active
PJ044,9,5,1,2,71175.03,Active
PJ044,9,5,2,1,74328.09,Active
PJ044,9,5,3,1,24147.67,Active
PJ044,9,5,4,2,10934.35,Active
PJ044,9,5,5,3,12130.93,Active
PJ044,9,5,6,2,3536.41,Active
PJ044,10,5,1,1,59413.08,Active
PJ044,10,5,2,1,47523.64,Active
PJ044,10,5,3,1,24260.28,Active
PJ044,10,5,4,2,5846.23,Active
PJ044,10,5,5,2,3669.68,Active
PJ044,10,5,6,3,12207.79,Active
PJ044,11,5,1,2,60300.7,Active
PJ044,11,5,2,2,57653.71,Active
PJ044,11,5,3,3,33893.86,Active
PJ044,11,5,4,1,11260.24,Active
PJ044,11,5,5,1,10730.26,Active
PJ044,11,5,6,2,4472.6,Active
PJ044,12,5,1,3,68756.16,Active
PJ044,12,5,2,2,59632.81,Active
PJ044,12,5,3,2,27558.09,Active
PJ044,12,5,4,1,7631.81,Active
PJ044,12,5,5,1,12022.48,Active
PJ044,12,5,6,1,12495.21,Active
PJ045,1,5,1,1,84316.74,On Hold
PJ045,1,5,2,1,84516.26,On Hold
PJ045,1,5,3,2,36074.65,On Hold
PJ045,1,5,4,2,5052.03,On Hold
PJ045,1,5,5,1,15327.37,On Hold
PJ045,1,5,6,1,15893.25,On Hold
PJ045,2,5,1,2,91681.04,On Hold
PJ045,2,5,2,2,84118.03,On Hold
PJ045,2,5,3,1,38366.52,On Hold
PJ045,2,5,4,2,10121.38,On Hold
PJ045,2,5,5,2,19339.36,On Hold
PJ045,2,5,6,2,8919.11,On Hold
PJ045,3,5,1,3,104679.62,On Hold
PJ045,3,5,2,2,75715.33,On Hold
PJ045,3,5,3,1,29543.07,On Hold
PJ045,3,5,4,2,14277.56,On Hold
PJ045,3,5,5,2,7596.07,On Hold
PJ045,3,5,6,2,5078.73,On Hold
PJ045,4,5,1,1,68577.22,On Hold
PJ045,4,5,2,1,71020.67,On Hold
PJ045,4,5,3,1,44567.04,On Hold
PJ045,4,5,4,1,6347.08,On Hold
PJ045,4,5,5,2,5414.24,On Hold
PJ045,4,5,6,3,22258.14,On Hold
PJ045,5,5,1,2,66833.43,On Hold
PJ045,5,5,2,2,101717.62,On Hold
PJ045,5,5,3,3,28708.77,On Hold
PJ045,5,5,4,2,17251.01,On Hold
PJ045,5,5,5,1,10917.1,On Hold
PJ045,5,5,6,1,20701.4,On Hold
PJ045,6,5,1,1,76764.09,On Hold
PJ045,6,5,2,2,87374.64,On Hold
PJ045,6,5,3,2,29431.71,On Hold
PJ045,6,5,4,3,11529.3,On Hold
PJ045,6,5,5,2,8285.62,On Hold
PJ045,6,5,6,1,10362.88,On Hold
PJ045,7,5,1,1,88097.87,On Hold
PJ045,7,5,2,1,72275.58,On Hold
PJ045,7,5,3,3,31200.16,On Hold
PJ045,7,5,4,2,10312.19,On Hold
PJ045,7,5,5,1,9116.87,On Hold
PJ045,7,5,6,1,19792.18,On Hold
PJ045,8,1,1,3,75199.5,On Hold
PJ045,8,1,2,3,88198.43,On Hold
PJ045,8,1,3,1,15427.68,On Hold
PJ045,8,1,4,1,22947.01,On Hold
PJ045,8,1,5,2,13606.12,On Hold
PJ045,8,1,6,2,15701.94,On Hold
PJ045,9,1,1,2,57704.47,On Hold
PJ045,9,1,2,1,92511.99,On Hold
PJ045,9,1,3,1,25653.9,On Hold
PJ045,9,1,4,3,32354.26,On Hold
PJ045,9,1,5,1,11493.03,On Hold
PJ045,9,1,6,1,6723.96,On Hold
PJ045,10,1,1,2,72591.85,On Hold
PJ045,10,1,2,2,78649.87,On Hold
PJ045,10,1,3,1,32257.56,On Hold
PJ045,10,1,4,3,20946.83,On Hold
PJ045,10,1,5,2,20999.12,On Hold
PJ045,10,1,6,1,9495.0,On Hold
PJ045,11,2,1,1,18453.89,On Hold
PJ045,11,2,2,1,45377.15,On Hold
PJ045,11,2,3,1,10649.81,On Hold
PJ045,11,2,4,2,138943.87,On Hold
PJ045,11,2,5,1,15350.75,On Hold
PJ045,11,2,6,1,16566.81,On Hold
PJ046,2,6,1,2,130376.23,Active
PJ046,2,6,2,1,87916.12,Active
PJ046,2,6,3,1,32908.95,Active
PJ046,2,6,4,1,152356.76,Active
PJ046,2,6,5,1,44247.3,Active
PJ046,2,6,6,1,10786.84,Active
PJ046,3,6,1,3,152625.81,Active
PJ046,3,6,2,2,72418.53,Active
PJ046,3,6,3,1,68497.21,Active
PJ046,3,6,4,1,101167.37,Active
PJ046,3,6,5,2,49153.28,Active
PJ046,3,6,6,3,26535.89,Active
PJ046,4,3,1,2,203322.77,Active
PJ046,4,3,2,2,102162.27,Active
PJ046,4,3,3,3,106701.53,Active
PJ046,4,3,4,2,39319.73,Active
PJ046,4,3,5,3,24086.35,Active
PJ046,4,3,6,2,18502.3,Active
PJ046,5,3,1,2,169640.61,Active
PJ046,5,3,2,2,101340.43,Active
PJ046,5,3,3,1,100979.7,Active
PJ046,5,3,4,2,44599.77,Active
PJ046,5,3,5,2,33786.09,Active
PJ046,5,3,6,1,36606.69,Active
PJ046,6,3,1,2,141467.58,Active
PJ046,6,3,2,3,112502.45,Active
PJ046,6,3,3,3,118243.07,Active
PJ046,6,3,4,2,45941.52,Active
PJ046,6,3,5,2,19576.92,Active
PJ046,6,3,6,1,30616.16,Active
PJ046,7,4,1,2,163125.02,Active
PJ046,7,4,2,2,148218.66,Active
PJ046,7,4,3,2,91586.48,Active
PJ046,7,4,4,2,12824.92,Active
PJ046,7,4,5,3,41916.45,Active
PJ046,7,4,6,1,18947.6,Active
PJ046,8,4,1,1,129893.49,Active
PJ046,8,4,2,3,167600.17,Active
PJ046,8,4,3,3,70875.91,Active
PJ046,8,4,4,2,21642.48,Active
PJ046,8,4,5,1,32102.35,Active
PJ046,8,4,6,1,28955.29,Active
PJ046,9,4,1,2,174789.68,Active
PJ046,9,4,2,2,176555.08,Active
PJ046,9,4,3,3,100068.92,Active
PJ046,9,4,4,3,16734.01,Active
PJ046,9,4,5,1,9345.9,Active
PJ046,9,4,6,2,16886.66,Active
PJ046,10,5,1,2,195731.74,Active
PJ046,10,5,2,2,200470.04,Active
PJ046,10,5,3,2,77719.16,Active
PJ046,10,5,4,1,29122.71,Active
PJ046,10,5,5,2,15203.73,Active
PJ046,10,5,6,2,21085.04,Active
PJ046,11,5,1,2,180859.54,Active
PJ046,11,5,2,2,159952.83,Active
PJ046,11,5,3,2,61912.31,Active
PJ046,11,5,4,3,39942.54,Active
PJ046,11,5,5,2,14505.89,Active
PJ046,11,5,6,2,10226.82,Active
PJ046,12,5,1,2,137474.58,Active
PJ046,12,5,2,3,162036.35,Active
PJ046,12,5,3,2,74139.71,Active
PJ046,12,5,4,2,9521.27,Active
PJ046,12,5,5,1,21183.42,Active
PJ046,12,5,6,2,27303.24,Active
PJ047,12,6,1,2,73973.69,Active
PJ047,12,6,2,2,42433.69,Active
PJ047,12,6,3,2,37172.11,Active
PJ047,12,6,4,2,63624.08,Active
PJ047,12,6,5,1,18399.82,Active
PJ047,12,6,6,1,11670.5,Active
PJ048,1,3,1,1,61687.06,Active
PJ048,1,3,2,2,39144.32,Active
PJ048,1,3,3,1,55774.86,Active
PJ048,1,3,4,1,15126.51,Active
PJ048,1,3,5,1,5974.28,Active
PJ048,1,3,6,2,6331.17,Active
PJ048,2,3,1,1,66505.07,Active
PJ048,2,3,2,3,40046.94,Active
PJ048,2,3,3,1,55287.1,Active
PJ048,2,3,4,2,16762.51,Active
PJ048,2,3,5,2,11947.66,Active
PJ048,2,3,6,2,10662.72,Active
PJ048,3,3,1,2,60515.04,Active
PJ048,3,3,2,1,40390.72,Active
PJ048,3,3,3,2,60633.6,Active
PJ048,3,3,4,3,22367.55,Active
PJ048,3,3,5,1,8933.64,Active
PJ048,3,3,6,2,6923.11,Active
PJ048,4,4,1,1,60100.2,Active
PJ048,4,4,2,1,53506.1,Active
PJ048,4,4,3,2,42468.92,Active
PJ048,4,4,4,2,14215.12,Active
PJ048,4,4,5,1,15730.76,Active
PJ048,4,4,6,1,7369.09,Active
PJ048,5,4,1,2,73978.85,Active
PJ048,5,4,2,3,63370.04,Active
PJ048,5,4,3,1,34368.48,Active
PJ048,5,4,4,1,8667.04,Active
PJ048,5,4,5,1,14415.71,Active
PJ048,5,4,6,3,5695.45,Active
PJ048,6,4,1,2,60809.8,Active
PJ048,6,4,2,2,64498.05,Active
PJ048,6,4,3,2,37800.39,Active
PJ048,6,4,4,1,10665.24,Active
PJ048,6,4,5,1,14073.95,Active
PJ048,6,4,6,1,13395.08,Active
PJ048,7,5,1,2,55372.08,Active
PJ048,7,5,2,1,80723.96,Active
PJ048,7,5,3,1,23277.09,Active
PJ048,7,5,4,2,13985.23,Active
PJ048,7,5,5,3,12301.51,Active
PJ048,7,5,6,2,10995.14,Active
PJ048,8,5,1,2,80955.56,Active
PJ048,8,5,2,2,81228.04,Active
PJ048,8,5,3,1,30481.77,Active
PJ048,8,5,4,2,15673.03,Active
PJ048,8,5,5,3,11743.5,Active
PJ048,8,5,6,2,7165.06,Active
PJ048,9,5,1,2,65287.88,Active
PJ048,9,5,2,2,79872.55,Active
PJ048,9,5,3,2,40120.24,Active
PJ048,9,5,4,2,6347.92,Active
PJ048,9,5,5,2,7032.26,Active
PJ048,9,5,6,3,4585.44,Active
PJ048,10,5,1,1,58976.7,Active
PJ048,10,5,2,2,65586.09,Active
PJ048,10,5,3,1,34570.97,Active
PJ048,10,5,4,2,13184.77,Active
PJ048,10,5,5,3,4826.62,Active
PJ048,10,5,6,2,8834.61,Active
PJ048,11,5,1,1,72636.1,Active
PJ048,11,5,2,1,73605.16,Active
PJ048,11,5,3,2,32202.51,Active
PJ048,11,5,4,3,8868.97,Active
PJ048,11,5,5,2,19454.06,Active
PJ048,11,5,6,2,10360.02,Active
PJ048,12,5,1,1,75289.85,Active
PJ048,12,5,2,1,77187.4,Active
PJ048,12,5,3,2,38512.26,Active
PJ048,12,5,4,2,5251.29,Active
PJ048,12,5,5,1,10454.5,Active
PJ048,12,5,6,2,13995.04,Active
PJ049,1,3,1,2,59194.79,Active
PJ049,1,3,2,2,36592.59,Active
PJ049,1,3,3,2,32676.19,Active
PJ049,1,3,4,2,21202.05,Active
PJ049,1,3,5,2,8532.45,Active
PJ049,1,3,6,3,15110.12,Active
PJ049,2,3,1,2,51914.13,Active
PJ049,2,3,2,1,35385.46,Active
PJ049,2,3,3,1,35614.84,Active
PJ049,2,3,4,2,11803.77,Active
PJ049,2,3,5,3,5898.5,Active
PJ049,2,3,6,1,5125.98,Active
PJ049,3,4,1,1,53728.22,Active
PJ049,3,4,2,1,67216.22,Active
PJ049,3,4,3,1,26935.57,Active
PJ049,3,4,4,1,6402.77,Active
PJ049,3,4,5,2,10568.09,Active
PJ049,3,4,6,1,13412.54,Active
PJ049,4,4,1,1,43045.93,Active
PJ049,4,4,2,1,62764.89,Active
PJ049,4,4,3,2,25616.93,Active
PJ049,4,4,4,2,7828.86,Active
PJ049,4,4,5,2,13272.24,Active
PJ049,4,4,6,2,9041.29,Active
PJ049,5,4,1,1,67143.37,Active
PJ049,5,4,2,1,66644.88,Active
PJ049,5,4,3,1,39139.91,Active
PJ049,5,4,4,2,5317.48,Active
PJ049,5,4,5,2,5027.16,Active
PJ049,5,4,6,2,6277.94,Active
PJ049,6,5,1,2,49080.93,Active
PJ049,6,5,2,2,74781.92,Active
PJ049,6,5,3,1,23573.51,Active
PJ049,6,5,4,2,3870.33,Active
PJ049,6,5,5,2,11182.67,Active
PJ049,6,5,6,3,7823.74,Active
PJ049,7,5,1,1,64604.8,Active
PJ049,7,5,2,1,65071.22,Active
PJ049,7,5,3,2,21754.93,Active
PJ049,7,5,4,2,5166.37,Active
PJ049,7,5,5,3,7359.5,Active
PJ049,7,5,6,2,12917.47,Active
PJ049,8,5,1,2,49043.71,Active
PJ049,8,5,2,2,57093.42,Active
PJ049,8,5,3,1,26875.62,Active
PJ049,8,5,4,3,7218.74,Active
PJ049,8,5,5,1,7202.02,Active
PJ049,8,5,6,3,4488.98,Active
PJ049,9,5,1,1,43241.11,Active
PJ049,9,5,2,2,58911.66,Active
PJ049,9,5,3,2,25352.7,Active
PJ049,9,5,4,2,12712.37,Active
PJ049,9,5,5,1,10555.77,Active
PJ049,9,5,6,2,12118.08,Active
PJ049,10,5,1,1,68943.83,Active
PJ049,10,5,2,1,66645.47,Active
PJ049,10,5,3,1,28372.41,Active
PJ049,10,5,4,2,7638.81,Active
PJ049,10,5,5,2,3331.93,Active
PJ049,10,5,6,1,8764.99,Active
PJ049,11,5,1,2,53059.76,Active
PJ049,11,5,2,2,58333.69,Active
PJ049,11,5,3,2,22779.3,Active
PJ049,11,5,4,3,8018.48,Active
PJ049,11,5,5,1,3502.87,Active
PJ049,11,5,6,2,10381.33,Active
PJ049,12,5,1,1,68086.4,Active
PJ049,12,5,2,2,48753.47,Active
PJ049,12,5,3,2,28778.6,Active
PJ049,12,5,4,1,9075.03,Active
PJ049,12,5,5,1,8830.56,Active
PJ049,12,5,6,3,8988.87,Active
PJ050,9,6,1,2,130438.14,Active
PJ050,9,6,2,3,69294.27,Active
PJ050,9,6,3,1,29129.7,Active
PJ050,9,6,4,1,75046.68,Active
PJ050,9,6,5,1,39548.92,Active
PJ050,9,6,6,3,25529.57,Active
PJ050,10,6,1,1,97108.15,Active
PJ050,10,6,2,2,81450.94,Active
PJ050,10,6,3,3,44492.56,Active
PJ050,10,6,4,2,121553.79,Active
PJ050,10,6,5,1,39288.19,Active
PJ050,10,6,6,3,11918.26,Active
PJ050,11,3,1,1,108889.97,Active
PJ050,11,3,2,1,86195.36,Active
PJ050,11,3,3,1,73789.23,Active
PJ050,11,3,4,1,45643.59,Active
PJ050,11,3,5,3,27370.97,Active
PJ050,11,3,6,2,25111.7,Active
PJ050,12,3,1,2,150299.88,Active
PJ050,12,3,2,1,69661.91,Active
PJ050,12,3,3,2,79562.07,Active
PJ050,12,3,4,2,30380.07,Active
PJ050,12,3,5,2,31001.82,Active
PJ050,12,3,6,2,16401.39,Active
